key;date;sessionKey;statsSessionId;licenceEstPremium;androidVersion;page;composantUI;cheminNavigation;nombreCmpsntUINonDstnctVisites;nombrePages;nbUiAidesOuverts;
-Lxl8pSPynGKnku9p4Ma;4-1-2020 11:53:21;;-Lxl8pSPynGKnku9p4Ma;;;app.component;initApp;;;;;
-Lxl8r6aMXyOBS0sKwVV;4-1-2020 11:53:28;;-Lxl8pSPynGKnku9p4Ma;;;PrevisionsPage;barreRechSaisir;;;;;
-Lxl8rlcYybPcMNkvg07;4-1-2020 11:53:30;;-Lxl8pSPynGKnku9p4Ma;;;PrevisionsPage;btnGeoloc;;;;;
-Lxl9-b69afdk1Eu7WTp;4-1-2020 11:54:6;;-Lxl8pSPynGKnku9p4Ma;;;PrevisionsPage;btnMenu;;;;;
-Lxl92iBtNOSe8tOScit;4-1-2020 11:54:19;-Lxl8pV9D3U6lOr7u7hP;-Lxl8pSPynGKnku9p4Ma;false;9;StationsFavoritesModal;btnFermer;app.component>PrevisionsPage>StationsFavoritesModal;0;2;4;
-Lxl9EN4dmC2PbTg84Sz;4-1-2020 11:55:12;-Lxl9FghWArTR7zbbrSr;-Lxl9EN4dmC2PbTg84Sz;false;9;app.component;initApp;app.component;0;0;0;
-LyDo6bJ24rxWqKoon4Y;10-1-2020 10:37:6;;-LyDo6bJ24rxWqKoon4Y;;;app.component;initApp;;;;;
-LyDo8r9qp2yigcDb7C5;10-1-2020 10:37:15;;-LyDo6bJ24rxWqKoon4Y;;;TutorielPage;btnSuivant;;;;;
-LyDo9HO7DfGRAnOTZJH;10-1-2020 10:37:16;;-LyDo6bJ24rxWqKoon4Y;;;TutorielPage;btnSuivant;;;;;
-LyDoAqsDjWEIgHblRLD;10-1-2020 10:37:23;;-LyDo6bJ24rxWqKoon4Y;;;TutorielPage;btnFinirTuto;;;;;
-LyDoI6lpy2ai5PlD8pG;10-1-2020 10:37:53;;-LyDo6bJ24rxWqKoon4Y;;;PrevisionsPage;btnMenu;;;;;
-LyDoK4_N9O7q2ZvOX7f;10-1-2020 10:38:1;;-LyDo6bJ24rxWqKoon4Y;;;StationsFavoritesModal;btnFermer;;;;;
-LyDoKh-N0yXmup1FIGC;10-1-2020 10:38:3;-LyDo6dDvWKEcOjt-_ol;-LyDo6bJ24rxWqKoon4Y;false;7.0;PrevisionsPage;btnGeoloc;app.component>TutorielPage>PrevisionsPage>StationsFavoritesModal>PrevisionsPage;0;4;6;
-LyEGTlYBvUCrKeN2HrI;10-1-2020 12:45:50;;-LyEGTlYBvUCrKeN2HrI;;;app.component;initApp;;;;;
-LyEGUkB-musQoRs9SXy;10-1-2020 12:45:54;;-LyEGTlYBvUCrKeN2HrI;;;TutorielPage;btnSuivant;;;;;
-LyEGV-3Frr96y24VVjM;10-1-2020 12:45:55;;-LyEGTlYBvUCrKeN2HrI;;;TutorielPage;btnSuivant;;;;;
-LyEGYfm273MI4mBQr0b;10-1-2020 12:46:10;;-LyEGTlYBvUCrKeN2HrI;;;TutorielPage;btnFinirTuto;;;;;
-LyEGd5XvI3qyAbDLD35;10-1-2020 12:46:32;;-LyEGTlYBvUCrKeN2HrI;;;PrevisionsPage;btnGeoloc;;;;;
-LyEGje70nR5W3d9hpGL;10-1-2020 12:46:59;;-LyEGTlYBvUCrKeN2HrI;;;PrevisionsPage;btnMenu;;;;;
-LyEGuTgFosScjikddF3;10-1-2020 12:47:30;;-LyEGTlYBvUCrKeN2HrI;;;SettingsPage;navigConfig;;;;;
-LyEGuTgFosScjikOIoN;10-1-2020 12:47:43;;-LyEGTlYBvUCrKeN2HrI;;;SettingsPage;btnAcheter;;;;;
-LyEGuTgFfg35jikddF3;10-1-2020 12:47:50;;-LyEGTlYBvUCrKeN2HrI;;;RestaureAchetePage;btnAcheter;;;;;
-LyEGxVYxVKW5vegCCEa;10-1-2020 12:47:55;;-LyEGTlYBvUCrKeN2HrI;;;SettingsPage;btnAideNumFacture;;;;;
-LyEGzAv31-WOz2uwU6E;10-1-2020 12:48:2;;-LyEGTlYBvUCrKeN2HrI;;;SettingsPage;btnRestaurer;;;;;
-LyEH-sTKFFDYt8-urKZ;10-1-2020 12:48:9;;-LyEGTlYBvUCrKeN2HrI;;;RestaureAchetePage;btnRetourPage;;;;;
-LyEH09pA9UTqVaG9Yxc;10-1-2020 12:48:10;;-LyEGTlYBvUCrKeN2HrI;;;SettingsPage;btnRetourPage;;;;;
-LyEH3PmTYsrdpKhCVym;10-1-2020 12:48:24;;-LyEGTlYBvUCrKeN2HrI;;;SettingsPage;btnRetourPage;;;;;
-LyEH3q0C8IGFHdT6CBL;10-1-2020 12:48:25;;-LyEGTlYBvUCrKeN2HrI;;;StationsFavoritesModal;btnFermer;;;;;
-LyEH4LO1GXxl1Zzf-va;10-1-2020 12:48:28;;-LyEGTlYBvUCrKeN2HrI;;;PrevisionsPage;btnMenu;;;;;
-LyEH5DNiGPi2r1jWmuO;10-1-2020 12:48:31;;-LyEGTlYBvUCrKeN2HrI;;;StationsFavoritesModal;btnFermer;;;;;
-LyEHB_7R6H1kQo_a3ti;10-1-2020 12:48:57;;-LyEGTlYBvUCrKeN2HrI;;;PrevisionsPage;btnMenu;;;;;
-LyEHD3ssM5C6ShyOToE;10-1-2020 12:49:3;;-LyEGTlYBvUCrKeN2HrI;;;StationsFavoritesModal;btnFermer;;;;;
-LyEHDTbOKj7X6MoZoRI;10-1-2020 12:49:5;;-LyEGTlYBvUCrKeN2HrI;;;PrevisionsPage;btnMenu;;;;;
-LyEHG505vpCoshbr7Bz;10-1-2020 12:49:16;-LyEGTnN8afBHFJk3vcF;-LyEGTlYBvUCrKeN2HrI;false;9;SettingsPage;btnAcheter;app.component>TutorielPage>PrevisionsPage>SettingsPage>RestaureAchetePage>SettingsPage>RestaureAchetePage>SettingsPage>StationsFavoritesModal>PrevisionsPage>StationsFavoritesModal>PrevisionsPage>StationsFavoritesModal>PrevisionsPage>SettingsPage;1;14;20;
-LyEP_F_q1Rs5imfD9wf;10-1-2020 13:25:7;;-LyEP_F_q1Rs5imfD9wf;;;app.component;initApp;;;;;
-LyEPbNaHWEEBtUngVL1;10-1-2020 13:25:16;;-LyEP_F_q1Rs5imfD9wf;;;TutorielPage;btnSuivant;;;;;
-LyEPbVrvxDSFrktVs-G;10-1-2020 13:25:17;;-LyEP_F_q1Rs5imfD9wf;;;TutorielPage;btnSuivant;;;;;
-LyEPcqEHwCrJlhDLbOJ;10-1-2020 13:25:22;;-LyEP_F_q1Rs5imfD9wf;;;TutorielPage;btnFinirTuto;;;;;
-LyEPd32khJ8XUcjJog4;10-1-2020 13:25:23;;-LyEP_F_q1Rs5imfD9wf;;;TutorielPage;btnFinirTuto;;;;;
-LyEPd6dH9IgFS9ujfjH;10-1-2020 13:25:23;;-LyEP_F_q1Rs5imfD9wf;;;TutorielPage;btnFinirTuto;;;;;
-LyEPfjX0R6m0x1PefJ_;10-1-2020 13:25:34;;-LyEP_F_q1Rs5imfD9wf;;;PrevisionsPage;btnGeoloc;;;;;
-LyEPkeEV4use5N7DlUY;10-1-2020 13:25:54;;-LyEP_F_q1Rs5imfD9wf;;;PrevisionsPage;btnGeoloc;;;;;
-LyEPmY9MdvtcUxCvDPP;10-1-2020 13:26:2;-LyEP_GuhIPdteaVl5BF;-LyEP_F_q1Rs5imfD9wf;false;8.1.0;PrevisionsPage;swipeVersVuePlanete;app.component>TutorielPage>PrevisionsPage;0;2;8;
-LyEvuLCyWC29SRyeMZR;10-1-2020 15:50:46;;-LyEvuLCyWC29SRyeMZR;;;app.component;initApp;;;;;
-LyEw-3ZG_8X8knvvT6j;10-1-2020 15:51:9;;-LyEvuLCyWC29SRyeMZR;;;PrevisionsPage;barreRechSaisir;;;;;
-LyEw-DnHk_7Ix8HejRp;10-1-2020 15:51:10;;-LyEvuLCyWC29SRyeMZR;;;PrevisionsPage;barreRechSaisir;;;;;
-LyEw3DmlIJ0dzlslypE;10-1-2020 15:51:26;;-LyEvuLCyWC29SRyeMZR;;;PrevisionsPage;barreRechSaisir;;;;;
-LyEw5Z7JRjRYOIwS9zD;10-1-2020 15:51:36;;-LyEvuLCyWC29SRyeMZR;;;PrevisionsPage;barreRechSaisir;;;;;
-LyEwC9x68wXA4nXPiEm;10-1-2020 15:52:3;;-LyEvuLCyWC29SRyeMZR;;;PrevisionsPage;barreRechSaisir;;;;;
-LyEwG1HTWAkzttzHgFO;10-1-2020 15:52:19;;-LyEvuLCyWC29SRyeMZR;;;PrevisionsPage;btnGeoloc;;;;;
-LyEwLiziTD8sRVWaCbT;10-1-2020 15:52:42;-LyEvuYK8zN-iQaitfFw;-LyEvuLCyWC29SRyeMZR;false;8.1.0;CreditsWeatherDataModal;lienFournisseurYW;app.component>PrevisionsPage>CreditsWeatherDataModal;2;2;7;
-LyGQQAywGQmBgaDFbQq;10-1-2020 22:48:4;;-LyGQQAywGQmBgaDFbQq;;;app.component;initApp;;;;;
-LyGQhvIeKmiBD9elTW3;10-1-2020 22:49:20;;-LyGQQAywGQmBgaDFbQq;;;TutorielPage;btnSuivant;;;;;
-LyGQjfGP8buNgFx7-EF;10-1-2020 22:49:27;;-LyGQQAywGQmBgaDFbQq;;;TutorielPage;btnSuivant;;;;;
-LyGQmwPGUZ2zLwvXcU5;10-1-2020 22:49:40;;-LyGQQAywGQmBgaDFbQq;;;TutorielPage;btnSuivant;;;;;
-LyGQqZ0dD17AOoRjTBl;10-1-2020 22:49:55;;-LyGQQAywGQmBgaDFbQq;;;TutorielPage;btnFinirTuto;;;;;
-LyGQz1IZsvgaD3pC6d3;10-1-2020 22:50:30;-LyGQQMVSOE1cQADj4F_;-LyGQQAywGQmBgaDFbQq;false;7.0;PrevisionsPage;btnGeoloc;app.component>TutorielPage>PrevisionsPage;0;2;5;
-LyHudGrBuC6zEQ1rpwk;11-1-2020 5:44:4;;-LyHudGrBuC6zEQ1rpwk;;;app.component;initApp;;;;;
-LyHuoAI7I-MO6zp6Fh9;11-1-2020 5:44:49;;-LyHudGrBuC6zEQ1rpwk;;;TutorielPage;btnSuivant;;;;;
-LyHup3uae26Zs6hg0QH;11-1-2020 5:44:52;-LyHudJ3M3TMeLFVDp5H;-LyHudGrBuC6zEQ1rpwk;false;7.0;TutorielPage;btnSuivant;app.component>TutorielPage;0;1;2;
-LyIkaY1WAWIXTiDFTzl;11-1-2020 9:39:54;;-LyIkaY1WAWIXTiDFTzl;;;app.component;initApp;;;;;
-LyIkdvAcFT8z_k3r8QU;11-1-2020 9:40:7;;-LyIkaY1WAWIXTiDFTzl;;;TutorielPage;btnSuivant;;;;;
-LyIkhrQNixOY6438unO;11-1-2020 9:40:24;;-LyIkaY1WAWIXTiDFTzl;;;TutorielPage;btnSuivant;;;;;
-LyIklwEZzfyApMMeKc0;11-1-2020 9:40:40;;-LyIkaY1WAWIXTiDFTzl;;;TutorielPage;btnSuivant;;;;;
-LyIknw1p_aGHas60TsN;11-1-2020 9:40:48;;-LyIkaY1WAWIXTiDFTzl;;;TutorielPage;btnSuivant;;;;;
-LyIkoGiT54Mlv5SQM4h;11-1-2020 9:40:50;;-LyIkaY1WAWIXTiDFTzl;;;TutorielPage;btnSuivant;;;;;
-LyIkqe5zw8ow_2i0-yM;11-1-2020 9:41:0;;-LyIkaY1WAWIXTiDFTzl;;;TutorielPage;btnSuivant;;;;;
-LyIkquMzBzY9XM8XOVI;11-1-2020 9:41:1;;-LyIkaY1WAWIXTiDFTzl;;;TutorielPage;btnSuivant;;;;;
-LyIktS7rcQeyBR87Gmb;11-1-2020 9:41:11;;-LyIkaY1WAWIXTiDFTzl;;;TutorielPage;btnFinirTuto;;;;;
-LyIl0372-54oSMGNQjY;11-1-2020 9:41:42;;-LyIkaY1WAWIXTiDFTzl;;;PrevisionsPage;barreRechSaisir;;;;;
-LyIl0eOglXVKS-FxuXf;11-1-2020 9:41:45;;-LyIkaY1WAWIXTiDFTzl;;;PrevisionsPage;barreRechSaisir;;;;;
-LyIl1Is5R3C6gr6Eu85;11-1-2020 9:41:47;;-LyIkaY1WAWIXTiDFTzl;;;PrevisionsPage;barreRechSaisir;;;;;
-LyIl8Ty9zUk2vwTk4pO;11-1-2020 9:42:17;;-LyIkaY1WAWIXTiDFTzl;;;PrevisionsPage;btnGeoloc;;;;;
-LyIlM40hoylt5Tak7qs;11-1-2020 9:43:12;;-LyIkaY1WAWIXTiDFTzl;;;PrevisionsPage;btnMenu;;;;;
-LyIlMpzjTns5_gwwWOp;11-1-2020 9:43:15;;-LyIkaY1WAWIXTiDFTzl;;;StationsFavoritesModal;btnFermer;;;;;
-LyIlQDNCwestL9685-e;11-1-2020 9:43:29;;-LyIkaY1WAWIXTiDFTzl;;;PrevisionsPage;btnMenu;;;;;
-LyIlQa4vN-5RRhA6xc0;11-1-2020 9:43:31;;-LyIkaY1WAWIXTiDFTzl;;;StationsFavoritesModal;btnFermer;;;;;
-LyIlkKl7wQhHywjVjGP;11-1-2020 9:44:56;;-LyIkaY1WAWIXTiDFTzl;;;PrevisionsPage;btnMenu;;;;;
-LyIlkqw7uQItujx2IgV;11-1-2020 9:44:58;;-LyIkaY1WAWIXTiDFTzl;;;StationsFavoritesModal;btnFermer;;;;;
-LyIlpIfMNDEN-6NuNY4;11-1-2020 9:45:16;;-LyIkaY1WAWIXTiDFTzl;;;PrevisionsPage;btnMenu;;;;;
-LyIlrJnv3TzEHLD0dhH;11-1-2020 9:45:24;;-LyIkaY1WAWIXTiDFTzl;;;StationsFavoritesModal;btnFermer;;;;;
-LyIm3pZN5gNW-hVfXVY;11-1-2020 9:46:20;-LyIkaZCbrbwULMauyze;-LyIkaY1WAWIXTiDFTzl;false;8.0.0;PrevisionsPage;btnMenu;app.component>TutorielPage>PrevisionsPage>StationsFavoritesModal>PrevisionsPage>StationsFavoritesModal>PrevisionsPage>StationsFavoritesModal>PrevisionsPage>StationsFavoritesModal>PrevisionsPage;0;10;21;
-LyImfAR1nv8ckss-ulo;11-1-2020 9:48:57;;-LyImfAR1nv8ckss-ulo;;;app.component;initApp;;;;;
-LyImiP_EJEjGBOLAkyI;11-1-2020 9:49:10;;-LyImfAR1nv8ckss-ulo;;;PrevisionsPage;btnGeoloc;;;;;
-LyImptLAUGnMQS230J8;11-1-2020 9:49:41;;-LyImfAR1nv8ckss-ulo;;;PrevisionsPage;btnMenu;;;;;
-LyImqTq6zIEx5lebh5V;11-1-2020 9:49:43;;-LyImfAR1nv8ckss-ulo;;;StationsFavoritesModal;btnFermer;;;;;
-LyImsf8y1xmwQTkmyzQ;11-1-2020 9:49:52;;-LyImfAR1nv8ckss-ulo;;;PrevisionsPage;barreRechSaisir;;;;;
-LyImt88Ooa6hd4g-eXS;11-1-2020 9:49:54;;-LyImfAR1nv8ckss-ulo;;;PrevisionsPage;barreRechSaisir;;;;;
-LyImuyU0Ux_QCtc-fgU;11-1-2020 9:50:2;;-LyImfAR1nv8ckss-ulo;;;PrevisionsPage;barreRechValiderLocalite;;;;;
-LyIn9YUF8eMlA2QPx-c;11-1-2020 9:51:6;;-LyImfAR1nv8ckss-ulo;;;PrevisionsPage;swipeVersVuePlanete;;;;;
-LyInIkYFOOmyjqgc8zV;11-1-2020 9:51:43;;-LyImfAR1nv8ckss-ulo;;;PrevisionsPage;rafraichMeteo;;;;;
-LyInJ_eZXttzRHFPspo;11-1-2020 9:51:47;;-LyImfAR1nv8ckss-ulo;;;PrevisionsPage;rafraichMeteo;;;;;
-LyInK8lj97iAcy2UBky;11-1-2020 9:51:49;;-LyImfAR1nv8ckss-ulo;;;PrevisionsPage;rafraichMeteo;;;;;
-LyInKfvncsJkbOqsuQ8;11-1-2020 9:51:51;-LyImfFWvGnqOVEkLZBg;-LyImfAR1nv8ckss-ulo;false;8.0.0;PrevisionsPage;rafraichMeteo;app.component>PrevisionsPage>StationsFavoritesModal>PrevisionsPage;0;3;11;
-LyInOWQcDngxBWWKS7o;11-1-2020 9:52:7;-LyInOYAjEsrOic6mfhG;-LyInOWQcDngxBWWKS7o;false;8.0.0;app.component;initApp;app.component;0;0;0;
-LyIo3VjQLqUQjY641gm;11-1-2020 9:55:3;;-LyIo3VjQLqUQjY641gm;;;app.component;initApp;;;;;
-LyIo5RD8NDXzRMHisz5;11-1-2020 9:55:11;;-LyIo3VjQLqUQjY641gm;;;PrevisionsPage;rafraichMeteo;;;;;
-LyJE5GKaTd6XjJi5xSQ;11-1-2020 11:53:8;;-LyIo3VjQLqUQjY641gm;;;PrevisionsPage;btnAjouterFavoriteAccepte;;;;;
-LyJE61jFSBBcR71AVp6;11-1-2020 11:53:12;;-LyIo3VjQLqUQjY641gm;;;PrevisionsPage;btnMenu;;;;;
-LyJE8MgYNVeHWDINxe8;11-1-2020 11:53:21;;-LyIo3VjQLqUQjY641gm;;;StationsFavoritesModal;btnFermer;;;;;
-LyJE9ao0RLopEpcHb1D;11-1-2020 11:53:26;-LyIo3XL-gqzHhtFqjdr;-LyIo3VjQLqUQjY641gm;false;8.0.0;PrevisionsPage;btnGeoloc;app.component>PrevisionsPage>StationsFavoritesModal>PrevisionsPage;0;3;5;
-LyJFZaDpkPdbHduw_Td;11-1-2020 11:59:28;;-LyJFZaDpkPdbHduw_Td;;;app.component;initApp;;;;;
-LyJFaXQFYhnnhPbMmBW;11-1-2020 11:59:36;;-LyJFZaDpkPdbHduw_Td;;;TutorielPage;btnSuivant;;;;;
-LyJFaql09nGkDFLzQ1W;11-1-2020 11:59:37;;-LyJFZaDpkPdbHduw_Td;;;TutorielPage;btnSuivant;;;;;
-LyJFbGqtpoLGFLNZ223;11-1-2020 11:59:39;;-LyJFZaDpkPdbHduw_Td;;;TutorielPage;btnSuivant;;;;;
-LyJFd4JssGScoBus9KD;11-1-2020 11:59:46;;-LyJFZaDpkPdbHduw_Td;;;TutorielPage;btnFinirTuto;;;;;
-LyJFhTAyegtnr6F9Um4;11-1-2020 12:0:4;;-LyJFZaDpkPdbHduw_Td;;;PrevisionsPage;btnGeoloc;;;;;
-LyJFm80mjvEH_1_Vl6d;11-1-2020 12:0:23;;-LyJFZaDpkPdbHduw_Td;;;PrevisionsPage;swipeVersVuePlanete;;;;;
-LyJFmamgBbJAoHp0loK;11-1-2020 12:0:25;;-LyJFZaDpkPdbHduw_Td;;;PrevisionsPage;swipeVersVuePlanete;;;;;
-LyJFpG_gkYhAgY5asj2;11-1-2020 12:0:36;;-LyJFZaDpkPdbHduw_Td;;;PrevisionsPage;swipeVersVueMeteo;;;;;
-LyJFvblQa73ZDM4tK2C;11-1-2020 12:1:2;;-LyJFZaDpkPdbHduw_Td;;;PrevisionsPage;btnMenu;;;;;
-LyJFyJWrdN46Q8dgFVh;11-1-2020 12:1:13;-LyJFZc1xxbpXvyU45CQ;-LyJFZaDpkPdbHduw_Td;false;9;StationsFavoritesModal;btnFermer;app.component>TutorielPage>PrevisionsPage>StationsFavoritesModal;0;3;10;
-LyJHdTvRt0LY1JIL09J;11-1-2020 12:8:39;-LyJHdUhUNOYqsfyPuaU;-LyJHdTvRt0LY1JIL09J;false;8.0.0;app.component;initApp;app.component;0;0;0;
-LyK-gtZ-CUBPM7ngUe4;11-1-2020 15:29:46;;-LyK-gtZ-CUBPM7ngUe4;;;app.component;initApp;;;;;
-LyK-mFlubQR4-tih40T;11-1-2020 15:30:7;;-LyK-gtZ-CUBPM7ngUe4;;;TutorielPage;btnSuivant;;;;;
-LyK-r0jSnRoOuZOSFaa;11-1-2020 15:30:27;;-LyK-gtZ-CUBPM7ngUe4;;;TutorielPage;btnFinirTuto;;;;;
-LyK-tUpMOx-v-i4_p7R;11-1-2020 15:30:37;;-LyK-gtZ-CUBPM7ngUe4;;;PrevisionsPage;btnGeoloc;;;;;
-LyK00iFnQinssJytCd8;11-1-2020 15:31:11;;-LyK-gtZ-CUBPM7ngUe4;;;PrevisionsPage;btnMenu;;;;;
-LyK04tyFyaRzainSFOJ;11-1-2020 15:31:28;;-LyK-gtZ-CUBPM7ngUe4;;;SettingsPage;btnRestaurer;;;;;
-LyK06iEIAWztMRoRjmf;11-1-2020 15:31:35;;-LyK-gtZ-CUBPM7ngUe4;;;RestaureAchetePage;aideInputVerifier;;;;;
-LyK06iEIAWztfDdSgDg;11-1-2020 15:31:40;;-LyK-gtZ-CUBPM7ngUe4;;;RestaureAchetePage;btnRetourPage;;;;;
-LyK08Yd5ZMmln9yeScG;11-1-2020 15:31:43;;-LyK-gtZ-CUBPM7ngUe4;;;SettingsPage;btnRestaurer;;;;;
-LyK0DBK1fqpRKqh96mt;11-1-2020 15:32:2;;-LyK-gtZ-CUBPM7ngUe4;;;RestaureAchetePage;btnRetourPage;;;;;
-LyK0G9J-FMUV3pag2f1;11-1-2020 15:32:14;;-LyK-gtZ-CUBPM7ngUe4;;;SettingsPage;btnRetourPage;;;;;
-LyK0N0UlquBxV2Ex7aO;11-1-2020 15:32:42;;-LyK-gtZ-CUBPM7ngUe4;;;SettingsPage;btnRetourPage;;;;;
-LyK0NVYj4rTSYgRp-tV;11-1-2020 15:32:44;;-LyK-gtZ-CUBPM7ngUe4;;;StationsFavoritesModal;btnFermer;;;;;
-LyK0P9Aq54kHE3pfROQ;11-1-2020 15:32:51;;-LyK-gtZ-CUBPM7ngUe4;;;PrevisionsPage;swipeVersVuePlanete;;;;;
-LyK0Swxztq0sDDV5UOZ;11-1-2020 15:33:6;;-LyK-gtZ-CUBPM7ngUe4;;;PrevisionsPage;rafraichMeteo;;;;;
-LyK0WpW6n0qqf-xYxcS;11-1-2020 15:33:22;;-LyK-gtZ-CUBPM7ngUe4;;;PrevisionsPage;swipeVersVueMeteo;;;;;
-LyK0bxtaV3sQax4NDm5;11-1-2020 15:33:47;;-LyK-gtZ-CUBPM7ngUe4;;;PrevisionsPage;btnMenu;;;;;
-LyK0ce3L-kCvSj3mpBf;11-1-2020 15:33:50;;-LyK-gtZ-CUBPM7ngUe4;;;StationsFavoritesModal;btnFermer;;;;;
-LyK0dqDB9sbbQ1AybK_;11-1-2020 15:33:55;;-LyK-gtZ-CUBPM7ngUe4;;;PrevisionsPage;swipeVersVuePlanete;;;;;
-LyK0e2WUllPkBEJ7uDX;11-1-2020 15:33:56;-LyK-gv1Sc8pesRG1MqR;-LyK-gtZ-CUBPM7ngUe4;false;9;PrevisionsPage;swipeVersVueMeteo;app.component>TutorielPage>PrevisionsPage>SettingsPage>RestaureAchetePage>SettingsPage>RestaureAchetePage>SettingsPage>StationsFavoritesModal>PrevisionsPage>StationsFavoritesModal>PrevisionsPage;1;11;19;
-LyK6YvU29RkUx-uPeuu;11-1-2020 15:59:53;-LyK6a2LmBE5kCKaolBm;-LyK6YvU29RkUx-uPeuu;false;9;app.component;initApp;app.component;0;0;0;
-LyKbLkg9I-6IbhS9m0e;11-1-2020 18:18:46;-LyKbLlnl599sY_8X9aE;-LyKbLkg9I-6IbhS9m0e;false;8.0.0;app.component;initApp;app.component;0;0;0;
-LyKbXAqh0jkfdfd-Ws3;11-1-2020 18:19:26;;-LyKbXAqh0jkfdfd-Ws3;;;app.component;initApp;;;;;
-LyKbaXZAYtAvt2rJwuC;11-1-2020 18:19:44;;-LyKbXAqh0jkfdfd-Ws3;;;TutorielPage;btnFinirTuto;;;;;
-LyKbdBDlVqMmcvWzlct;11-1-2020 18:19:55;;-LyKbXAqh0jkfdfd-Ws3;;;PrevisionsPage;btnGeoloc;;;;;
-LyKbiJd2htKPhMbVoMu;11-1-2020 18:20:16;;-LyKbXAqh0jkfdfd-Ws3;;;PrevisionsPage;barreRechSaisir;;;;;
-LyKbiV_Oy9RUFFDyoMf;11-1-2020 18:20:16;;-LyKbXAqh0jkfdfd-Ws3;;;PrevisionsPage;barreRechSaisir;;;;;
-LyKbm7FoZ1fe_1AdxEN;11-1-2020 18:20:31;;-LyKbXAqh0jkfdfd-Ws3;;;PrevisionsPage;btnGeoloc;;;;;
-LyKbtEfDk5T5419Zdjq;11-1-2020 18:21:0;;-LyKbXAqh0jkfdfd-Ws3;;;PrevisionsPage;btnMenu;;;;;
-LyKbu2IyvuJdPRjpeKF;11-1-2020 18:21:4;;-LyKbXAqh0jkfdfd-Ws3;;;StationsFavoritesModal;btnFermer;;;;;
-LyKbuMcYpP35qrCEMdq;11-1-2020 18:21:5;;-LyKbXAqh0jkfdfd-Ws3;;;PrevisionsPage;btnMenu;;;;;
-LyKc4IRS5o6CDNm-Fm2;11-1-2020 18:21:50;;-LyKbXAqh0jkfdfd-Ws3;;;SettingsPage;btnRetourPage;;;;;
-LyKc4xkoA6Qu1TPgG0X;11-1-2020 18:21:52;;-LyKbXAqh0jkfdfd-Ws3;;;StationsFavoritesModal;btnFermer;;;;;
-LyKcE61JXZMKEk8ZFUo;11-1-2020 18:22:30;;-LyKbXAqh0jkfdfd-Ws3;;;PrevisionsPage;swipeVersVueMeteo;;;;;
-LyKcEOMv6vK7ct74DJ8;11-1-2020 18:22:31;;-LyKbXAqh0jkfdfd-Ws3;;;PrevisionsPage;swipeVersVuePlanete;;;;;
-LyKcF-Wk9PGJWNVBsl1;11-1-2020 18:22:34;;-LyKbXAqh0jkfdfd-Ws3;;;PrevisionsPage;swipeVersVueMeteo;;;;;
-LyKcGX3ZN2ckcq5chXU;11-1-2020 18:22:40;;-LyKbXAqh0jkfdfd-Ws3;;;PrevisionsPage;btnGeoloc;;;;;
-LyKcKbn950g8SPb_I0k;11-1-2020 18:22:57;;-LyKbXAqh0jkfdfd-Ws3;;;PrevisionsPage;barreRechSaisir;;;;;
-LyKcKmuBy5sgSGRPmfd;11-1-2020 18:22:57;-LyKbXC5zqcMP-lRsNf2;-LyKbXAqh0jkfdfd-Ws3;false;9;PrevisionsPage;barreRechSaisir;app.component>TutorielPage>PrevisionsPage>StationsFavoritesModal>PrevisionsPage>SettingsPage>StationsFavoritesModal>PrevisionsPage;0;7;16;
-LyL2-pTL0LH2NfOxnQ1;11-1-2020 20:19:29;;-LyL2-pTL0LH2NfOxnQ1;;;app.component;initApp;;;;;
-LyL25u5Vd3d_FDUtlJl;11-1-2020 20:19:54;;-LyL2-pTL0LH2NfOxnQ1;;;PrevisionsPage;barreRechSaisir;;;;;
-LyL2656Vb-J5D0D5RWj;11-1-2020 20:19:55;;-LyL2-pTL0LH2NfOxnQ1;;;PrevisionsPage;barreRechSaisir;;;;;
-LyL28GULxXz4yxOSS1S;11-1-2020 20:20:4;-LyL2-qkbzeq_TYqcxKB;-LyL2-pTL0LH2NfOxnQ1;false;9;PrevisionsPage;rafraichMeteo;app.component>PrevisionsPage;0;1;3;
-LyLXc3ChKQTwh1LYa31;11-1-2020 22:37:37;;-LyLXc3ChKQTwh1LYa31;;;app.component;initApp;;;;;
-LyLXeByTYW3goLDfx4a;11-1-2020 22:37:45;;-LyLXc3ChKQTwh1LYa31;;;PrevisionsPage;btnGeoloc;;;;;
-LyLXh23gF-dlagtQMQS;11-1-2020 22:37:57;;-LyLXc3ChKQTwh1LYa31;;;PrevisionsPage;barreRechSaisir;;;;;
-LyLXhDt5X6HhdYnOZyz;11-1-2020 22:37:58;;-LyLXc3ChKQTwh1LYa31;;;PrevisionsPage;barreRechSaisir;;;;;
-LyLXjqCg8xyRXZKA6ce;11-1-2020 22:38:8;;-LyLXc3ChKQTwh1LYa31;;;PrevisionsPage;btnMenu;;;;;
-LyLXk2yrWDZ54Qnn6Z6;11-1-2020 22:38:9;;-LyLXc3ChKQTwh1LYa31;;;StationsFavoritesModal;btnFermer;;;;;
-LyLXkQDdP-a4pIwtNz4;11-1-2020 22:38:11;;-LyLXc3ChKQTwh1LYa31;;;PrevisionsPage;btnMenu;;;;;
-LyLXqqhEJMxw-xD04A9;11-1-2020 22:38:37;;-LyLXc3ChKQTwh1LYa31;;;SettingsPage;btnRetourPage;;;;;
-LyLXrqnBjFfOD69VUjC;11-1-2020 22:38:41;;-LyLXc3ChKQTwh1LYa31;;;StationsFavoritesModal;btnFermer;;;;;
-LyLXvVKRxaPVN5x0hUx;11-1-2020 22:38:56;;-LyLXc3ChKQTwh1LYa31;;;PrevisionsPage;barreRechSaisir;;;;;
-LyLXwz85yCuS0FPlIr2;11-1-2020 22:39:2;;-LyLXc3ChKQTwh1LYa31;;;PrevisionsPage;barreRechSaisir;;;;;
-LyLY-QO3DGe57l7xY-7;11-1-2020 22:39:16;-LyLXc4cD84dvF_kN4S1;-LyLXc3ChKQTwh1LYa31;false;9;PrevisionsPage;barreRechSaisir;app.component>PrevisionsPage>StationsFavoritesModal>PrevisionsPage>SettingsPage>StationsFavoritesModal>PrevisionsPage;0;6;11;
-LyN_rzv_HOG0A3jxPQL;12-1-2020 8:11:2;;-LyN_rzv_HOG0A3jxPQL;;;app.component;initApp;;;;;
-LyN_xBwhojNmGgL6eHN;12-1-2020 8:11:23;;-LyN_rzv_HOG0A3jxPQL;;;TutorielPage;btnSuivant;;;;;
-LyNa1mta8BRLl6i9cDI;12-1-2020 8:11:46;;-LyN_rzv_HOG0A3jxPQL;;;TutorielPage;btnFinirTuto;;;;;
-LyNa6AOiEyqxDfudFbS;12-1-2020 8:12:4;;-LyN_rzv_HOG0A3jxPQL;;;PrevisionsPage;barreRechSaisir;;;;;
-LyNa6LGUCG7dJWVJ-V8;12-1-2020 8:12:5;;-LyN_rzv_HOG0A3jxPQL;;;PrevisionsPage;barreRechSaisir;;;;;
-LyNa6TacKYrao4IVLQv;12-1-2020 8:12:6;;-LyN_rzv_HOG0A3jxPQL;;;PrevisionsPage;barreRechSaisir;;;;;
-LyNa8O3v8z4m2DO53o8;12-1-2020 8:12:13;;-LyN_rzv_HOG0A3jxPQL;;;PrevisionsPage;barreRechSaisir;;;;;
-LyNaAUhdoxZLJ2wv9t9;12-1-2020 8:12:22;;-LyN_rzv_HOG0A3jxPQL;;;PrevisionsPage;barreRechSaisir;;;;;
-LyNaBmhC2zNJuLtuZV4;12-1-2020 8:12:27;;-LyN_rzv_HOG0A3jxPQL;;;PrevisionsPage;barreRechSaisir;;;;;
-LyNaEeudmKAnBi9FIZl;12-1-2020 8:12:39;;-LyN_rzv_HOG0A3jxPQL;;;PrevisionsPage;barreRechSaisir;;;;;
-LyNaFEo5IJg1j5ok1CF;12-1-2020 8:12:42;;-LyN_rzv_HOG0A3jxPQL;;;PrevisionsPage;barreRechSaisir;;;;;
-LyNaFXXquRXMb30eZRL;12-1-2020 8:12:43;;-LyN_rzv_HOG0A3jxPQL;;;PrevisionsPage;barreRechSaisir;;;;;
-LyNaIanQ82u3Hm-Eukc;12-1-2020 8:12:55;;-LyN_rzv_HOG0A3jxPQL;;;PrevisionsPage;barreRechValiderLocalite;;;;;
-LyNaV9NYca1M50B4cga;12-1-2020 8:13:47;;-LyN_rzv_HOG0A3jxPQL;;;CreditsWeatherDataModal;lienFournisseurDS;;;;;
-LyNa_gEsDZgxkLx2urq;12-1-2020 8:14:9;;-LyN_rzv_HOG0A3jxPQL;;;CreditsWeatherDataModal;lienFournisseurYW;;;;;
-LyNanh_xPKWhdwN4bTV;12-1-2020 8:15:7;;-LyN_rzv_HOG0A3jxPQL;;;PrevisionsPage;swipeVersVuePlanete;;;;;
-LyNatM15jxVQn-t_CHm;12-1-2020 8:15:30;;-LyN_rzv_HOG0A3jxPQL;;;PrevisionsPage;btnOuvrirArticle;;;;;
-LyNaymmINRM6yc_u9Qs;12-1-2020 8:15:52;;-LyN_rzv_HOG0A3jxPQL;;;PrevisionsPage;swipeVersVueMeteo;;;;;
-LyNaziSjEiTr8vLi78g;12-1-2020 8:15:56;;-LyN_rzv_HOG0A3jxPQL;;;PrevisionsPage;rafraichMeteo;;;;;
-LyNbIxO3yqirQteinkr;12-1-2020 8:17:19;;-LyN_rzv_HOG0A3jxPQL;;;PrevisionsPage;swipeVersVueMeteo;;;;;
-LyNbJBJcJr0rKbzsA28;12-1-2020 8:17:20;;-LyN_rzv_HOG0A3jxPQL;;;PrevisionsPage;swipeVersVuePlanete;;;;;
-LyNbJfrTJ_g6YYyIycY;12-1-2020 8:17:22;-LyN_s0I6x5hQ6hxiWF2;-LyN_rzv_HOG0A3jxPQL;false;8.1.0;PrevisionsPage;swipeVersVueMeteo;app.component>TutorielPage>PrevisionsPage>CreditsWeatherDataModal>PrevisionsPage;3;4;21;
-LyNe5-bsovYdbKC4lsW;12-1-2020 8:29:29;;-LyNe5-bsovYdbKC4lsW;;;app.component;initApp;;;;;
-LyNe6UHizjY2d2-tIsx;12-1-2020 8:29:35;;-LyNe5-bsovYdbKC4lsW;;;TutorielPage;btnSuivant;;;;;
-LyNe7Jrvs1bDjXDxJfF;12-1-2020 8:29:38;;-LyNe5-bsovYdbKC4lsW;;;TutorielPage;btnSuivant;;;;;
-LyNeH0-LoWLnQttASfd;12-1-2020 8:30:18;;-LyNe5-bsovYdbKC4lsW;;;TutorielPage;btnFinirTuto;;;;;
-LyNeIrarhtscM8kRZiL;12-1-2020 8:30:25;;-LyNe5-bsovYdbKC4lsW;;;PrevisionsPage;btnGeoloc;;;;;
-LyNePkZ4LO43xf9aTTM;12-1-2020 8:30:53;;-LyNe5-bsovYdbKC4lsW;;;PrevisionsPage;barreRechSaisir;;;;;
-LyNePumJlFWHUpoVqJi;12-1-2020 8:30:54;-LyNe52ertInKmW2xQMd;-LyNe5-bsovYdbKC4lsW;false;8.0.0;PrevisionsPage;barreRechSaisir;app.component>TutorielPage>PrevisionsPage;0;2;6;
-LyNvaW4rLxkUiTwFfSC;12-1-2020 9:45:59;;-LyNvaW4rLxkUiTwFfSC;;;app.component;initApp;;;;;
-LyNvbXY7fqFT-4E9Y9L;12-1-2020 9:46:3;;-LyNvaW4rLxkUiTwFfSC;;;TutorielPage;btnSuivant;;;;;
-LyNvd1On3GmPsduO7xn;12-1-2020 9:46:10;;-LyNvaW4rLxkUiTwFfSC;;;TutorielPage;btnSuivant;;;;;
-LyNvfazv1SZ1p7Te5OI;12-1-2020 9:46:20;;-LyNvaW4rLxkUiTwFfSC;;;TutorielPage;btnFinirTuto;;;;;
-LyNvi3Eg5Hs95zvQHBL;12-1-2020 9:46:30;;-LyNvaW4rLxkUiTwFfSC;;;PrevisionsPage;barreRechSaisir;;;;;
-LyNvjYTFks3ZD5At5v9;12-1-2020 9:46:36;;-LyNvaW4rLxkUiTwFfSC;;;PrevisionsPage;btnGeoloc;;;;;
-LyNvrpaQQYeTfPj3xou;12-1-2020 9:47:10;;-LyNvaW4rLxkUiTwFfSC;;;PrevisionsPage;btnMenu;;;;;
-LyNvtl7_QG_Qcj-9-x2;12-1-2020 9:47:18;;-LyNvaW4rLxkUiTwFfSC;;;StationsFavoritesModal;btnFermer;;;;;
-LyNvzZA7YluUdCuYggv;12-1-2020 9:47:42;;-LyNvaW4rLxkUiTwFfSC;;;PrevisionsPage;btnMenu;;;;;
-LyNw11RF6faQcVrC9L0;12-1-2020 9:47:52;;-LyNvaW4rLxkUiTwFfSC;;;SettingsPage;btnRetourPage;;;;;
-LyNw2HEvNSd7w4DbaMJ;12-1-2020 9:47:57;-LyNvaX5Sh-UVwzWYuMf;-LyNvaW4rLxkUiTwFfSC;false;9;StationsFavoritesModal;btnFermer;app.component>TutorielPage>PrevisionsPage>StationsFavoritesModal>PrevisionsPage>SettingsPage>StationsFavoritesModal;0;6;10;
-LyOVVUxUzQb9S6pIo_t;12-1-2020 12:27:8;;-LyOVVUxUzQb9S6pIo_t;;;app.component;initApp;;;;;
-LyOVYA_1dHWcDVvgZC6;12-1-2020 12:27:19;;-LyOVVUxUzQb9S6pIo_t;;;TutorielPage;btnSuivant;;;;;
-LyOV_Z2AiKx3XF26sBN;12-1-2020 12:27:28;;-LyOVVUxUzQb9S6pIo_t;;;TutorielPage;btnSuivant;;;;;
-LyOVhZRZULUKlynMkCK;12-1-2020 12:28:1;;-LyOVVUxUzQb9S6pIo_t;;;TutorielPage;btnFinirTuto;;;;;
-LyOVk5aUVxqmP3bJCp0;12-1-2020 12:28:11;;-LyOVVUxUzQb9S6pIo_t;;;PrevisionsPage;btnMenu;;;;;
-LyOVnJ0wstGIhKGM5L2;12-1-2020 12:28:25;;-LyOVVUxUzQb9S6pIo_t;;;SettingsPage;btnRetourPage;;;;;
-LyOVnrqlCiJM5Y45Tp1;12-1-2020 12:28:27;;-LyOVVUxUzQb9S6pIo_t;;;StationsFavoritesModal;btnFermer;;;;;
-LyOVobNbvzNlVXWkGHS;12-1-2020 12:28:30;;-LyOVVUxUzQb9S6pIo_t;;;PrevisionsPage;btnGeoloc;;;;;
-LyOVy1uBQYg9OmCV2pa;12-1-2020 12:29:9;;-LyOVVUxUzQb9S6pIo_t;;;PrevisionsPage;btnAjouterFavoriteAccepte;;;;;
-LyOVyfJi-OhHaiZw6Jk;12-1-2020 12:29:11;;-LyOVVUxUzQb9S6pIo_t;;;PrevisionsPage;swipeVersVuePlanete;;;;;
-LyOW09Hl_rt8X3IkuC9;12-1-2020 12:29:21;;-LyOVVUxUzQb9S6pIo_t;;;PrevisionsPage;swipeVersVueMeteo;;;;;
-LyOW3uzRqFMDJquAYPF;12-1-2020 12:29:37;;-LyOVVUxUzQb9S6pIo_t;;;PrevisionsPage;barreRechSaisir;;;;;
-LyOW68_GIOC-BtXyM6F;12-1-2020 12:29:46;;-LyOVVUxUzQb9S6pIo_t;;;PrevisionsPage;barreRechSaisir;;;;;
-LyOW7sGVAvseF0P2nDm;12-1-2020 12:29:53;;-LyOVVUxUzQb9S6pIo_t;;;PrevisionsPage;barreRechSaisir;;;;;
-LyOW96czIJsicQUjBK1;12-1-2020 12:29:58;;-LyOVVUxUzQb9S6pIo_t;;;PrevisionsPage;barreRechSaisir;;;;;
-LyOWBLVeUspjBTduw2o;12-1-2020 12:30:7;;-LyOVVUxUzQb9S6pIo_t;;;PrevisionsPage;barreRechSaisir;;;;;
-LyOWDSMe9lyeHcXd-wZ;12-1-2020 12:30:16;-LyOVVWQmP5OQuA3WXmc;-LyOVVUxUzQb9S6pIo_t;false;9;PrevisionsPage;barreRechSaisir;app.component>TutorielPage>PrevisionsPage>SettingsPage>StationsFavoritesModal>PrevisionsPage;0;5;16;
-LyPCogVeLw5WJAHvgTo;12-1-2020 15:45:12;;-LyPCogVeLw5WJAHvgTo;;;app.component;initApp;;;;;
-LyPCqbeET5qCpmLgej3;12-1-2020 15:45:19;;-LyPCogVeLw5WJAHvgTo;;;TutorielPage;btnSuivant;;;;;
-LyPCrCG_mA3uFuofw0W;12-1-2020 15:45:22;-LyPComewUoj7upLYJhw;-LyPCogVeLw5WJAHvgTo;false;9;TutorielPage;btnSuivant;app.component>TutorielPage;0;1;2;
-LyPCvVN0Kw1u-T_DkE5;12-1-2020 15:45:40;-LyPCvZrSP7UJFPh-6n-;-LyPCvVN0Kw1u-T_DkE5;false;9;app.component;initApp;app.component;0;0;0;
-LyPDLRl-x7RRAz2WoqB;12-1-2020 15:47:31;-LyPDLWZqyN1dGEcowPy;-LyPDLRl-x7RRAz2WoqB;false;4.4.4;app.component;initApp;app.component;0;0;0;
-LyPDfTJW61LR2IrQPER;12-1-2020 15:48:57;-LyPDfVdll9taXHACmw1;-LyPDfTJW61LR2IrQPER;false;4.4.4;app.component;initApp;app.component;0;0;0;
-LyPEO-m6_37OdNZESVl;12-1-2020 15:52:3;-LyPEO4twEoW4IG2PXtY;-LyPEO-m6_37OdNZESVl;false;4.4.4;app.component;initApp;app.component;0;0;0;
-LyPKbDiUG8RO6-yxxru;12-1-2020 16:19:18;;-LyPKbDiUG8RO6-yxxru;;;app.component;initApp;;;;;
-LyPKfEu9Xzq_LGGipEG;12-1-2020 16:19:34;;-LyPKbDiUG8RO6-yxxru;;;PrevisionsPage;barreRechSaisir;;;;;
-LyPKjeDBOCli2Val5BZ;12-1-2020 16:19:52;;-LyPKbDiUG8RO6-yxxru;;;PrevisionsPage;btnMenu;;;;;
-LyPKkyCsLNZxKOCtHVE;12-1-2020 16:19:58;;-LyPKbDiUG8RO6-yxxru;;;StationsFavoritesModal;btnFermer;;;;;
-LyPKlFQxnH4zbiccQ9S;12-1-2020 16:19:59;-LyPKbGxL77_v6eXJJ1j;-LyPKbDiUG8RO6-yxxru;false;9;PrevisionsPage;btnGeoloc;app.component>PrevisionsPage>StationsFavoritesModal>PrevisionsPage;0;3;4;
-LyPL36p6sFqYO8Ost6A;12-1-2020 16:21:16;;-LyPL36p6sFqYO8Ost6A;;;app.component;initApp;;;;;
-LyPL58QvEhIEloJEB6U;12-1-2020 16:21:24;;-LyPL36p6sFqYO8Ost6A;;;PrevisionsPage;btnGeoloc;;;;;
-LyPL6shUQ62TrYApdBa;12-1-2020 16:21:31;;-LyPL36p6sFqYO8Ost6A;;;PrevisionsPage;btnMenu;;;;;
-LyPLBluhPVB1LU80LKD;12-1-2020 16:21:51;-LyPL383OSnUpS8gX6Of;-LyPL36p6sFqYO8Ost6A;false;9;PrevisionsPage;btnMenu;app.component>PrevisionsPage;0;1;3;
-LyPm7YV0I_EkcwlBcg6;12-1-2020 18:23:55;;-LyPm7YV0I_EkcwlBcg6;;;app.component;initApp;;;;;
-LyPm9UbDcT3tna0GX5H;12-1-2020 18:24:2;;-LyPm7YV0I_EkcwlBcg6;;;TutorielPage;btnSuivant;;;;;
-LyPmBKJ_-1YbRQ-NO8j;12-1-2020 18:24:10;;-LyPm7YV0I_EkcwlBcg6;;;TutorielPage;btnSuivant;;;;;
-LyPmDF9lAyVNxzkkCxQ;12-1-2020 18:24:18;;-LyPm7YV0I_EkcwlBcg6;;;TutorielPage;btnFinirTuto;;;;;
-LyPmFL0vlzAJdxp_4-D;12-1-2020 18:24:26;-LyPm7gIXqd6cEIho474;-LyPm7YV0I_EkcwlBcg6;false;9;PrevisionsPage;btnGeoloc;app.component>TutorielPage>PrevisionsPage>StationsFavoritesModal>PrevisionsPage>StationsFavoritesModal;0;5;8;
-LyPmPgwxa7vK910w3az;12-1-2020 18:25:4;;-LyPmPgwxa7vK910w3az;;;app.component;initApp;;;;;
-LyPmQdelBchsqIYBVq5;12-1-2020 18:25:8;;-LyPmPgwxa7vK910w3az;;;TutorielPage;btnSuivant;;;;;
-LyPmRWFXIqW53bdSGj0;12-1-2020 18:25:11;;-LyPmPgwxa7vK910w3az;;;TutorielPage;btnSuivant;;;;;
-LyPmUZ54lDI3WNe-CmT;12-1-2020 18:25:24;;-LyPmPgwxa7vK910w3az;;;TutorielPage;btnFinirTuto;;;;;
-LyPmXmDKp8lm6xgg0ZM;12-1-2020 18:25:37;;-LyPmPgwxa7vK910w3az;;;PrevisionsPage;btnGeoloc;;;;;
-LyPmaQ8W5g4G_Iz3exR;12-1-2020 18:25:52;;-LyPmPgwxa7vK910w3az;;;PrevisionsPage;swipeVersVueMeteo;;;;;
-LyPmfAiyUxYBHveaV_2;12-1-2020 18:26:11;;-LyPmPgwxa7vK910w3az;;;PrevisionsPage;swipeVersVueMeteo;;;;;
-LyPmhnCqviKB5s9_b8f;12-1-2020 18:26:22;-LyPmPiHqfIHrWDTHt_i;-LyPmPgwxa7vK910w3az;false;9;PrevisionsPage;swipeVersVuePlanete;app.component>TutorielPage>PrevisionsPage;0;2;7;
-LyPq2th7L1-d7Eu49Zx;12-1-2020 18:41:4;;-LyPm7YV0I_EkcwlBcg6;;;PrevisionsPage;btnMenu;;;;;
-LyPq3u-jhhmmWkIeFyY;12-1-2020 18:41:8;;-LyPm7YV0I_EkcwlBcg6;;;StationsFavoritesModal;btnFermer;;;;;
-LyPq4Gr2usuoscVvi2J;12-1-2020 18:41:10;;-LyPm7YV0I_EkcwlBcg6;;;PrevisionsPage;btnMenu;;;;;
-LyPq58Kzopy81EmvtwH;12-1-2020 18:41:13;-LyPm7gIXqd6cEIho474;-LyPm7YV0I_EkcwlBcg6;false;9;StationsFavoritesModal;btnFermer;app.component>TutorielPage>PrevisionsPage;0;2;7;
-LyQ6zEyi9-19a0JIjJM;12-1-2020 19:59:29;-LyQ7-WvksVi2c4qYWiV;-LyQ6zEyi9-19a0JIjJM;false;9;app.component;initApp;app.component;0;0;0;
-LyQ7DsOsTfYSkZm2eIF;12-1-2020 20:0:32;-LyQ7FBDp6WvAJ8NRfWU;-LyQ7DsOsTfYSkZm2eIF;false;9;app.component;initApp;app.component;0;0;0;
-LyRpiUS6SD_WpyHPcS3;13-1-2020 3:58:48;;-LyRpiUS6SD_WpyHPcS3;;;app.component;initApp;;;;;
-LyRpsgbwD9OSGpjNxm7;13-1-2020 3:59:30;;-LyRpiUS6SD_WpyHPcS3;;;TutorielPage;btnSuivant;;;;;
-LyRpv8-RLf4SQgkQPzc;13-1-2020 3:59:40;;-LyRpiUS6SD_WpyHPcS3;;;TutorielPage;btnSuivant;;;;;
-LyRq2fdZRz6hkhQbjg1;13-1-2020 4:0:15;;-LyRpiUS6SD_WpyHPcS3;;;TutorielPage;btnFinirTuto;;;;;
-LyRq7eeYBlbxrc174kS;13-1-2020 4:0:35;;-LyRpiUS6SD_WpyHPcS3;;;PrevisionsPage;btnMenu;;;;;
-LyRqFU4ETX8GHM-Jsjc;13-1-2020 4:1:7;;-LyRpiUS6SD_WpyHPcS3;;;StationsFavoritesModal;btnFermer;;;;;
-LyRqKFE6k0N48UEm462;13-1-2020 4:1:27;;-LyRpiUS6SD_WpyHPcS3;;;PrevisionsPage;barreRechSaisir;;;;;
-LyRqPPICRjd_oumuM5f;13-1-2020 4:1:48;;-LyRpiUS6SD_WpyHPcS3;;;PrevisionsPage;barreRechSaisir;;;;;
-LyRqVJ_mq7Ts2Tobbkz;13-1-2020 4:2:12;;-LyRpiUS6SD_WpyHPcS3;;;PrevisionsPage;barreRechValiderLocalite;;;;;
-LyRr1UOJ1NCqrmpoDfg;13-1-2020 4:4:32;;-LyRpiUS6SD_WpyHPcS3;;;PrevisionsPage;btnMenu;;;;;
-LyRrTcDVClVZFtKkzaz;13-1-2020 4:6:27;;-LyRpiUS6SD_WpyHPcS3;;;SettingsPage;btnRetourPage;;;;;
-LyRrj38h8EhVHYDyWZp;13-1-2020 4:7:34;;-LyRpiUS6SD_WpyHPcS3;;;AProposPage;btnRetourPage;;;;;
-LyRrmMppdYK2t0Z4YJ_;13-1-2020 4:7:48;;-LyRpiUS6SD_WpyHPcS3;;;StationsFavoritesModal;btnFermer;;;;;
-LyRrnEjn7ecop67tf9T;13-1-2020 4:7:52;;-LyRpiUS6SD_WpyHPcS3;;;PrevisionsPage;btnGeoloc;;;;;
-LyRrxSmpC6vUtmPI5xx;13-1-2020 4:8:33;;-LyRpiUS6SD_WpyHPcS3;;;PrevisionsPage;btnAjouterFavoriteAccepte;;;;;
-LyRs1adJdOtI-A4o3-l;13-1-2020 4:8:54;;-LyRpiUS6SD_WpyHPcS3;;;PrevisionsPage;btnGeoloc;;;;;
-LyRs_5eBhw0v9q9dkTg;13-1-2020 4:11:16;;-LyRpiUS6SD_WpyHPcS3;;;PrevisionsPage;rafraichMeteo;;;;;
-LyRsrPCe0zPRLgkNTYB;13-1-2020 4:12:31;;-LyRpiUS6SD_WpyHPcS3;;;PrevisionsPage;swipeVersVueMeteo;;;;;
-LyRss8sUXH0iEXV5nlX;13-1-2020 4:12:34;;-LyRpiUS6SD_WpyHPcS3;;;PrevisionsPage;swipeVersVuePlanete;;;;;
-LyRsxYuqviLVumyIf9P;13-1-2020 4:12:56;;-LyRpiUS6SD_WpyHPcS3;;;PrevisionsPage;swipeVersVueMeteo;;;;;
-LyRsyAfzfoivFJJQ2zJ;13-1-2020 4:12:58;;-LyRpiUS6SD_WpyHPcS3;;;PrevisionsPage;swipeVersVuePlanete;;;;;
-LyRt-fASE6rV4EsKXMq;13-1-2020 4:13:9;;-LyRpiUS6SD_WpyHPcS3;;;PrevisionsPage;btnOuvrirArticle;;;;;
-LyRtIrAhm_Fd4QLXptk;13-1-2020 4:14:27;-LyRpiYLxV6Kiy1yDLZM;-LyRpiUS6SD_WpyHPcS3;false;6.0.1;PrevisionsPage;swipeVersVueMeteo;app.component>TutorielPage>PrevisionsPage>StationsFavoritesModal>PrevisionsPage>SettingsPage>AProposPage>StationsFavoritesModal>PrevisionsPage;0;8;22;
-LyRuJNyv5yZyeJLxYvT;13-1-2020 4:18:53;;-LyRuJNyv5yZyeJLxYvT;;;app.component;initApp;;;;;
-LyRuO01aCYktHFZYXZm;13-1-2020 4:19:11;-LyRuJaYgdaEjZ819sSj;-LyRuJNyv5yZyeJLxYvT;false;6.0.1;PrevisionsPage;swipeVersVueMeteo;app.component>PrevisionsPage;0;1;1;
-LyS2K8jcvWoWjkAdwgu;13-1-2020 4:58:16;;-LyS2K8jcvWoWjkAdwgu;;;app.component;initApp;;;;;
-LyS2_gDj1pFh1IjHYyV;13-1-2020 4:59:23;;-LyS2K8jcvWoWjkAdwgu;;;TutorielPage;btnFinirTuto;;;;;
-LyS2dPIctvGrkTssEFt;13-1-2020 4:59:38;;-LyS2K8jcvWoWjkAdwgu;;;PrevisionsPage;btnMenu;;;;;
-LyS2fGZ7ZrrebqcciWR;13-1-2020 4:59:46;;-LyS2K8jcvWoWjkAdwgu;;;StationsFavoritesModal;btnFermer;;;;;
-LyS2mJXX59G-LH_GWyr;13-1-2020 5:0:15;;-LyS2K8jcvWoWjkAdwgu;;;PrevisionsPage;barreRechSaisir;;;;;
-LyS2oS05bhbSU-J2MlJ;13-1-2020 5:0:24;;-LyS2K8jcvWoWjkAdwgu;;;PrevisionsPage;barreRechSaisir;;;;;
-LyS2sAZN6vMjNCAQi-Z;13-1-2020 5:0:39;;-LyS2K8jcvWoWjkAdwgu;;;PrevisionsPage;barreRechSaisir;;;;;
-LyS2sJq1w-fE8fomp7Z;13-1-2020 5:0:39;;-LyS2K8jcvWoWjkAdwgu;;;PrevisionsPage;barreRechSaisir;;;;;
-LyS2uLD9sTNj0y8LtLT;13-1-2020 5:0:48;;-LyS2K8jcvWoWjkAdwgu;;;PrevisionsPage;barreRechSaisir;;;;;
-LyS3AlwNalJBdqHTe5G;13-1-2020 5:1:59;;-LyS2K8jcvWoWjkAdwgu;;;PrevisionsPage;barreRechValiderLocalite;;;;;
-LyS3KsawCvp7vDKwCmg;13-1-2020 5:2:41;;-LyS2K8jcvWoWjkAdwgu;;;PrevisionsPage;btnAjouterFavoriteAccepte;;;;;
-LyS3LBD_KyosdxkBFz5;13-1-2020 5:2:42;;-LyS2K8jcvWoWjkAdwgu;;;PrevisionsPage;btnMenu;;;;;
-LyS3VtUpMGF6i3p56Wz;13-1-2020 5:3:26;;-LyS2K8jcvWoWjkAdwgu;;;SettingsPage;btnRetourPage;;;;;
-LyS3Xa2bKIRzcVMW8mJ;13-1-2020 5:3:33;;-LyS2K8jcvWoWjkAdwgu;;;StationsFavoritesModal;btnFermer;;;;;
-LyS3e5eHWLzEbRk5Ji4;13-1-2020 5:4:3;;-LyS2K8jcvWoWjkAdwgu;;;PrevisionsPage;swipeVersVueMeteo;;;;;
-LyS3g9DmqY5VDv30qbu;13-1-2020 5:4:12;;-LyS2K8jcvWoWjkAdwgu;;;PrevisionsPage;btnGeoloc;;;;;
-LyS3k_QVmi27Subh-lY;13-1-2020 5:4:30;;-LyS2K8jcvWoWjkAdwgu;;;PrevisionsPage;swipeVersVueMeteo;;;;;
-LyS3u0wR34ATJ_B9JIk;13-1-2020 5:5:9;;-LyS2K8jcvWoWjkAdwgu;;;PrevisionsPage;swipeVersVuePlanete;;;;;
-LyS40mjHJlS8X7hCPce;13-1-2020 5:5:40;;-LyS2K8jcvWoWjkAdwgu;;;PrevisionsPage;swipeVersVueMeteo;;;;;
-LyS4BYs-LLl0veoUBfh;13-1-2020 5:6:24;;-LyS2K8jcvWoWjkAdwgu;;;CreditsWeatherDataModal;lienFournisseurDS;;;;;
-LyS4R2SAY7X3StSrCnz;13-1-2020 5:7:28;;-LyS2K8jcvWoWjkAdwgu;;;PrevisionsPage;btnMenu;;;;;
-LyS4U1gzRm0Bdi-ZNWi;13-1-2020 5:7:40;;-LyS2K8jcvWoWjkAdwgu;;;StationsFavoritesModal;btnFermer;;;;;
-LyS4uZCXFci3dj-QtOZ;13-1-2020 5:9:33;-LyS2KCCvSdxqO1nOPaR;-LyS2K8jcvWoWjkAdwgu;false;7.0;PrevisionsPage;swipeVersVuePlanete;app.component>TutorielPage>PrevisionsPage>StationsFavoritesModal>PrevisionsPage>SettingsPage>StationsFavoritesModal>PrevisionsPage>CreditsWeatherDataModal>PrevisionsPage>StationsFavoritesModal>PrevisionsPage;1;11;22;
-LySMgmOjF50AAPxNBvH;13-1-2020 6:24:40;;-LySMgmOjF50AAPxNBvH;;;app.component;initApp;;;;;
-LySMjtbNK91UW1ogL4Z;13-1-2020 6:24:52;;-LySMgmOjF50AAPxNBvH;;;TutorielPage;btnSuivant;;;;;
-LySMpcF8PUgNGw-xyC3;13-1-2020 6:25:16;;-LySMgmOjF50AAPxNBvH;;;TutorielPage;btnSuivant;;;;;
-LySMvZRF0mmI-fVg9pr;13-1-2020 6:25:40;;-LySMgmOjF50AAPxNBvH;;;TutorielPage;btnFinirTuto;;;;;
-LySMvm6UKiGYkbeEWza;13-1-2020 6:25:41;;-LySMgmOjF50AAPxNBvH;;;TutorielPage;btnFinirTuto;;;;;
-LySMycdLzAnndY-OfGM;13-1-2020 6:25:52;-LySMgnsXFwKiG0HaroX;-LySMgmOjF50AAPxNBvH;false;8.0.0;PrevisionsPage;btnGeoloc;app.component>TutorielPage>PrevisionsPage;0;2;5;
-LyT1ggYWPY_fOj3m17a;13-1-2020 9:32:32;;-LyT1ggYWPY_fOj3m17a;;;app.component;initApp;;;;;
-LyT1vo-I9AiK8L757TP;13-1-2020 9:33:33;-LyT1gna7LHrkpJ1xVig;-LyT1ggYWPY_fOj3m17a;false;8.0.0;PrevisionsPage;btnGeoloc;app.component>PrevisionsPage;0;1;1;
-LyTGsUWO9x8ViBZ7Fne;13-1-2020 10:41:30;-LyTGse_gNe3hczX4WYs;-LyTGsUWO9x8ViBZ7Fne;false;9;app.component;initApp;app.component;0;0;0;
-LyTkLd4Sx-L1nWHI3C7;13-1-2020 12:54:33;;-LyTkLd4Sx-L1nWHI3C7;;;app.component;initApp;;;;;
-LyTkNCH99oCxaFEZu4I;13-1-2020 12:54:39;;-LyTkLd4Sx-L1nWHI3C7;;;TutorielPage;btnSuivant;;;;;
-LyTkPbdrIMowI-RYLC6;13-1-2020 12:54:49;;-LyTkLd4Sx-L1nWHI3C7;;;TutorielPage;btnSuivant;;;;;
-LyTkSBax9B1_HHtJdKP;13-1-2020 12:54:59;;-LyTkLd4Sx-L1nWHI3C7;;;TutorielPage;btnFinirTuto;;;;;
-LyTkVjqIsjqSQ_f8j7a;13-1-2020 12:55:14;;-LyTkLd4Sx-L1nWHI3C7;;;PrevisionsPage;barreRechSaisir;;;;;
-LyTkVr509A-vbaoo5jF;13-1-2020 12:55:14;;-LyTkLd4Sx-L1nWHI3C7;;;PrevisionsPage;barreRechSaisir;;;;;
-LyTkWEmWcaIH2oozKQB;13-1-2020 12:55:16;;-LyTkLd4Sx-L1nWHI3C7;;;PrevisionsPage;barreRechSaisir;;;;;
-LyTkYGvqsILguaM1m_h;13-1-2020 12:55:24;;-LyTkLd4Sx-L1nWHI3C7;;;PrevisionsPage;barreRechSaisir;;;;;
-LyTkYO4Nm6vZ4V6qdWy;13-1-2020 12:55:25;;-LyTkLd4Sx-L1nWHI3C7;;;PrevisionsPage;barreRechSaisir;;;;;
-LyTkbC7mi0WNAA67Km1;13-1-2020 12:55:40;;-LyTkLd4Sx-L1nWHI3C7;;;PrevisionsPage;barreRechValiderLocalite;;;;;
-LyTkfLqOhadRlb12nw8;13-1-2020 12:55:57;;-LyTkLd4Sx-L1nWHI3C7;;;PrevisionsPage;swipeVersVuePlanete;;;;;
-LyTkfWcGLMusxSpDdcl;13-1-2020 12:55:58;;-LyTkLd4Sx-L1nWHI3C7;;;PrevisionsPage;swipeVersVuePlanete;;;;;
-LyTkgeVEaw3f3rzBseV;13-1-2020 12:56:3;;-LyTkLd4Sx-L1nWHI3C7;;;PrevisionsPage;swipeVersVueMeteo;;;;;
-LyTkhRlXZ5ZDZ2h8UIU;13-1-2020 12:56:6;;-LyTkLd4Sx-L1nWHI3C7;;;PrevisionsPage;swipeVersVuePlanete;;;;;
-LyTkjuZKXZBEDLoQr92;13-1-2020 12:56:16;;-LyTkLd4Sx-L1nWHI3C7;;;PrevisionsPage;swipeVersVueMeteo;;;;;
-LyTkloRNn14bG7vip6d;13-1-2020 12:56:24;;-LyTkLd4Sx-L1nWHI3C7;;;PrevisionsPage;btnMenu;;;;;
-LyTkpyTXFqrHkrFEY8H;13-1-2020 12:56:41;;-LyTkLd4Sx-L1nWHI3C7;;;SettingsPage;btnRetourPage;;;;;
-LyTkqUOIn6PE27PzwzC;13-1-2020 12:56:43;;-LyTkLd4Sx-L1nWHI3C7;;;StationsFavoritesModal;btnFermer;;;;;
-LyTktCpWusrPo-oVcH4;13-1-2020 12:56:54;;-LyTkLd4Sx-L1nWHI3C7;;;PrevisionsPage;barreRechSaisir;;;;;
-LyTktRvwajBSa8tm2zT;13-1-2020 12:56:55;;-LyTkLd4Sx-L1nWHI3C7;;;PrevisionsPage;barreRechSaisir;;;;;
-LyTkvggKvAieaCPcVvB;13-1-2020 12:57:4;;-LyTkLd4Sx-L1nWHI3C7;;;PrevisionsPage;barreRechSaisir;;;;;
-LyTkz-VeYuqiWdUo3hS;13-1-2020 12:57:18;-LyTkLeIB26XmWDfPK-X;-LyTkLd4Sx-L1nWHI3C7;false;8.1.0;CreditsWeatherDataModal;lienFournisseurDS;app.component>TutorielPage>PrevisionsPage>SettingsPage>StationsFavoritesModal>PrevisionsPage>CreditsWeatherDataModal;1;6;21;
-LyTyaDeKwixuqML_F5W;13-1-2020 13:56:47;;-LyTyaDeKwixuqML_F5W;;;app.component;initApp;;;;;
-LyTyf8ELbXI-9bFf8Kl;13-1-2020 13:57:7;;-LyTyaDeKwixuqML_F5W;;;PrevisionsPage;btnGeoloc;;;;;
-LyTyiS9KwgDB6i1vfRP;13-1-2020 13:57:20;;-LyTyaDeKwixuqML_F5W;;;PrevisionsPage;btnGeoloc;;;;;
-LyTymppEHu0m_9esfZk;13-1-2020 13:57:38;;-LyTyaDeKwixuqML_F5W;;;PrevisionsPage;btnMenu;;;;;
-LyTyuXenKt-tBU6_PzZ;13-1-2020 13:58:10;;-LyTyaDeKwixuqML_F5W;;;AProposPage;btnLancerPlanete;;;;;
-LyTyuXkcrDrTiBNHXck;13-1-2020 13:58:10;;-LyTyaDeKwixuqML_F5W;;;AProposPage;lienLancerFandom;;;;;
-LyTyxeSBz0VTvrUakuC;13-1-2020 13:58:23;;-LyTyaDeKwixuqML_F5W;;;AProposPage;btnLancerPlanete;;;;;
-LyTyxeXdHkLnlha_P4o;13-1-2020 13:58:23;-LyTyaIWHaJftYEH6sU8;-LyTyaDeKwixuqML_F5W;false;8.1.0;AProposPage;lienLancerFandom;app.component>PrevisionsPage>AProposPage;0;2;7;
-LyU0dC1aFVEW9Mrke3P;13-1-2020 14:10:4;;-LyU0dC1aFVEW9Mrke3P;;;app.component;initApp;;;;;
-LyU0fEvsiB4HKqE9YgL;13-1-2020 14:10:12;;-LyU0dC1aFVEW9Mrke3P;;;TutorielPage;btnSuivant;;;;;
-LyU0g6iKA_Xp0hyfpkI;13-1-2020 14:10:16;;-LyU0dC1aFVEW9Mrke3P;;;TutorielPage;btnSuivant;;;;;
-LyU0jq5NCcn-I8-KoIx;13-1-2020 14:10:31;;-LyU0dC1aFVEW9Mrke3P;;;TutorielPage;btnFinirTuto;;;;;
-LyU0nGCb6DPZfM2F6qP;13-1-2020 14:10:45;;-LyU0dC1aFVEW9Mrke3P;;;PrevisionsPage;barreRechSaisir;;;;;
-LyU0nZsJ-J2E0ZbYc4K;13-1-2020 14:10:47;;-LyU0dC1aFVEW9Mrke3P;;;PrevisionsPage;barreRechSaisir;;;;;
-LyU0p5NH-NWfbv1rB94;13-1-2020 14:10:53;;-LyU0dC1aFVEW9Mrke3P;;;PrevisionsPage;barreRechValiderLocalite;;;;;
-LyU0rBVAp9Arclt8ZKr;13-1-2020 14:11:1;;-LyU0dC1aFVEW9Mrke3P;;;PrevisionsPage;btnMenu;;;;;
-LyU0tC3GSrqhvGO7x3n;13-1-2020 14:11:10;;-LyU0dC1aFVEW9Mrke3P;;;StationsFavoritesModal;btnFermer;;;;;
-LyU0tcANcT3oZW3LpOh;13-1-2020 14:11:11;;-LyU0dC1aFVEW9Mrke3P;;;PrevisionsPage;swipeVersVuePlanete;;;;;
-LyU0uiFNTMs01v4tIkO;13-1-2020 14:11:16;;-LyU0dC1aFVEW9Mrke3P;;;PrevisionsPage;swipeVersVueMeteo;;;;;
-LyU0uyj961pOBDcdfkC;13-1-2020 14:11:17;;-LyU0dC1aFVEW9Mrke3P;;;PrevisionsPage;swipeVersVuePlanete;;;;;
-LyU0vy7MBFdjO3V3NvW;13-1-2020 14:11:21;;-LyU0dC1aFVEW9Mrke3P;;;PrevisionsPage;swipeVersVueMeteo;;;;;
-LyU0wLmySabM0gJGod1;13-1-2020 14:11:23;;-LyU0dC1aFVEW9Mrke3P;;;PrevisionsPage;btnGeoloc;;;;;
-LyU0yGS1vwttY-7it5p;13-1-2020 14:11:30;;-LyU0dC1aFVEW9Mrke3P;;;PrevisionsPage;btnMenu;;;;;
-LyU138FGNbep0l2hnbc;13-1-2020 14:11:54;;-LyU0dC1aFVEW9Mrke3P;;;SettingsPage;btnRetourPage;;;;;
-LyU13NzVl0cyH0Vwxt6;13-1-2020 14:11:55;;-LyU0dC1aFVEW9Mrke3P;;;StationsFavoritesModal;btnFermer;;;;;
-LyU14EmZQ9ykUbckHmv;13-1-2020 14:11:59;;-LyU0dC1aFVEW9Mrke3P;;;PrevisionsPage;swipeVersVuePlanete;;;;;
-LyU14kDLffMhPMSFO_w;13-1-2020 14:12:1;;-LyU0dC1aFVEW9Mrke3P;;;PrevisionsPage;swipeVersVueMeteo;;;;;
-LyU15BROAxQAc9CqAl-;13-1-2020 14:12:3;-LyU0dDJe3NAli5BvqvS;-LyU0dC1aFVEW9Mrke3P;false;8.1.0;PrevisionsPage;swipeVersVueMeteo;app.component>TutorielPage>PrevisionsPage>StationsFavoritesModal>PrevisionsPage>SettingsPage>StationsFavoritesModal>PrevisionsPage;0;7;19;
-LyU4I7Bv0XZykl-5AdX;13-1-2020 14:26:3;;-LyU4I7Bv0XZykl-5AdX;;;app.component;initApp;;;;;
-LyU4JT-qE1o9w6HpSqh;13-1-2020 14:26:9;;-LyU4I7Bv0XZykl-5AdX;;;TutorielPage;btnSuivant;;;;;
-LyU4O0Rn-a9PkQwZVea;13-1-2020 14:26:27;;-LyU4I7Bv0XZykl-5AdX;;;TutorielPage;btnSuivant;;;;;
-LyU4QtDqj4cgrccTzh1;13-1-2020 14:26:39;;-LyU4I7Bv0XZykl-5AdX;;;TutorielPage;btnFinirTuto;;;;;
-LyU4TzJ5SdzLhj5T8xU;13-1-2020 14:26:52;;-LyU4I7Bv0XZykl-5AdX;;;PrevisionsPage;barreRechSaisir;;;;;
-LyU4_BvkYMfNuIN_Rjk;13-1-2020 14:27:17;;-LyU4I7Bv0XZykl-5AdX;;;PrevisionsPage;barreRechSaisir;;;;;
-LyU4a8_JX2UW11T4zDi;13-1-2020 14:27:21;;-LyU4I7Bv0XZykl-5AdX;;;PrevisionsPage;barreRechSaisir;;;;;
-LyU4aN5sEgIZlEpj5Q0;13-1-2020 14:27:22;;-LyU4I7Bv0XZykl-5AdX;;;PrevisionsPage;barreRechSaisir;;;;;
-LyU4bLblvcSMYTWOaw0;13-1-2020 14:27:26;;-LyU4I7Bv0XZykl-5AdX;;;PrevisionsPage;barreRechSaisir;;;;;
-LyU4cIZkU7EdrOImH8x;13-1-2020 14:27:30;;-LyU4I7Bv0XZykl-5AdX;;;PrevisionsPage;barreRechSaisir;;;;;
-LyU4cr9-iuG5X1_V6o0;13-1-2020 14:27:32;;-LyU4I7Bv0XZykl-5AdX;;;PrevisionsPage;barreRechSaisir;;;;;
-LyU4e0xG_mOvPDJUj55;13-1-2020 14:27:37;;-LyU4I7Bv0XZykl-5AdX;;;PrevisionsPage;barreRechSaisir;;;;;
-LyU4ex7fZl1cjAeUJ2h;13-1-2020 14:27:41;;-LyU4I7Bv0XZykl-5AdX;;;PrevisionsPage;barreRechSaisir;;;;;
-LyU4f6CFogBATt_fqG1;13-1-2020 14:27:42;;-LyU4I7Bv0XZykl-5AdX;;;PrevisionsPage;barreRechSaisir;;;;;
-LyU4ftxWZVtnFJdcXat;13-1-2020 14:27:45;;-LyU4I7Bv0XZykl-5AdX;;;PrevisionsPage;barreRechValiderLocalite;;;;;
-LyU4tQ4h4RbQwzxH6J4;13-1-2020 14:28:40;;-LyU4I7Bv0XZykl-5AdX;;;PrevisionsPage;swipeVersVuePlanete;;;;;
-LyU4vYu50esn3hr92Vg;13-1-2020 14:28:49;;-LyU4I7Bv0XZykl-5AdX;;;PrevisionsPage;btnOuvrirArticle;;;;;
-LyU5-bi_Q5P6XoPtqOF;13-1-2020 14:29:10;;-LyU4I7Bv0XZykl-5AdX;;;PrevisionsPage;rafraichMeteo;;;;;
-LyU54cDESKf-4F2ghZA;13-1-2020 14:29:30;;-LyU4I7Bv0XZykl-5AdX;;;PrevisionsPage;rafraichMeteo;;;;;
-LyU5AEGqehHd_XZO5si;13-1-2020 14:29:53;;-LyU4I7Bv0XZykl-5AdX;;;PrevisionsPage;swipeVersVueMeteo;;;;;
-LyU5Bp_f8wKsSgptlPu;13-1-2020 14:30:0;-LyU4IA2zmq1yuHfi8I5;-LyU4I7Bv0XZykl-5AdX;false;5.1.1;PrevisionsPage;btnMenu;app.component>TutorielPage>PrevisionsPage;0;2;20;
-LyU88RUMEywXllWGg_G;13-1-2020 14:42:53;;-LyU88RUMEywXllWGg_G;;;app.component;initApp;;;;;
-LyU8A-vFlviVe-Duoq6;13-1-2020 14:42:59;;-LyU88RUMEywXllWGg_G;;;TutorielPage;btnSuivant;;;;;
-LyU8C5Uou9I23CUUtgy;13-1-2020 14:43:8;;-LyU88RUMEywXllWGg_G;;;TutorielPage;tnSuivant;;;;;
-LyU8Gonv2Y47LUCMcao;13-1-2020 14:43:27;;-LyU88RUMEywXllWGg_G;;;TutorielPage;btnFinirTuto;;;;;
-LyU8JpQxewGBn8d_BUO;13-1-2020 14:43:39;;-LyU88RUMEywXllWGg_G;;;PrevisionsPage;barreRechSaisir;;;;;
-LyU8K0ePE5aTSgohh5v;13-1-2020 14:43:40;;-LyU88RUMEywXllWGg_G;;;PrevisionsPage;barreRechSaisir;;;;;
-LyU8KAVSym6quyriXfb;13-1-2020 14:43:41;;-LyU88RUMEywXllWGg_G;;;PrevisionsPage;barreRechSaisir;;;;;
-LyU8LemJai5BvEKPkZ7;13-1-2020 14:43:47;;-LyU88RUMEywXllWGg_G;;;PrevisionsPage;barreRechSaisir;;;;;
-LyU8LsW13V8EDa95opz;13-1-2020 14:43:48;;-LyU88RUMEywXllWGg_G;;;PrevisionsPage;barreRechSaisir;;;;;
-LyU8PTsZdWiDBiu_jld;13-1-2020 14:44:3;;-LyU88RUMEywXllWGg_G;;;PrevisionsPage;barreRechSaisir;;;;;
-LyU8PfWQapBy58iqUOH;13-1-2020 14:44:3;;-LyU88RUMEywXllWGg_G;;;PrevisionsPage;barreRechSaisir;;;;;
-LyU8S3OE-Dfo2axz8au;13-1-2020 14:44:13;;-LyU88RUMEywXllWGg_G;;;PrevisionsPage;barreRechSaisir;;;;;
-LyU8SRNGI8tAuBVEnR9;13-1-2020 14:44:15;;-LyU88RUMEywXllWGg_G;;;PrevisionsPage;barreRechSaisir;;;;;
-LyU8V4njAWzemYxSU4C;13-1-2020 14:44:26;;-LyU88RUMEywXllWGg_G;;;PrevisionsPage;barreRechSaisir;;;;;
-LyU8VRDW-7muzvzeMw0;13-1-2020 14:44:27;;-LyU88RUMEywXllWGg_G;;;PrevisionsPage;barreRechSaisir;;;;;
-LyU8VeEmpHBJA3ZXOyM;13-1-2020 14:44:28;;-LyU88RUMEywXllWGg_G;;;PrevisionsPage;barreRechSaisir;;;;;
-LyU8VlFlaFIxMLbQ0id;13-1-2020 14:44:28;;-LyU88RUMEywXllWGg_G;;;PrevisionsPage;barreRechSaisir;;;;;
-LyU8XH3EBKArIZN0WiC;13-1-2020 14:44:34;;-LyU88RUMEywXllWGg_G;;;PrevisionsPage;barreRechSaisir;;;;;
-LyU8_V6IBzH4HAwQfw2;13-1-2020 14:44:48;;-LyU88RUMEywXllWGg_G;;;PrevisionsPage;barreRechValiderLocalite;;;;;
-LyU8j_e33mh2fpNJ733;13-1-2020 14:45:29;;-LyU88RUMEywXllWGg_G;;;PrevisionsPage;btnMenu;;;;;
-LyU8l8feTQt1U7Uimcv;13-1-2020 14:45:35;-LyU88VrrFvn-nz-Qowp;-LyU88RUMEywXllWGg_G;false;7.1.1;StationsFavoritesModal;btnFermer;app.component>TutorielPage>PrevisionsPage>StationsFavoritesModal;0;3;20;
-LyU9njqwl38DMYlXu1P;13-1-2020 14:50:12;;-LyU9njqwl38DMYlXu1P;;;app.component;initApp;;;;;
-LyU9pbWECjKXSxQGZs0;13-1-2020 14:50:20;-LyU9nlCGkl9_4vtSPQd;-LyU9njqwl38DMYlXu1P;false;9;PrevisionsPage;btnGeoloc;app.component>PrevisionsPage;0;1;1;
-LyUAQUhatH25JtajwKn;13-1-2020 14:52:48;;-LyUAQUhatH25JtajwKn;;;app.component;initApp;;;;;
-LyUAUqMQTEiOw7vbcjx;13-1-2020 14:53:6;;-LyUAQUhatH25JtajwKn;;;TutorielPage;btnFinirTuto;;;;;
-LyUAZ0D63SsNAEJhicK;13-1-2020 14:53:23;-LyUAQWlFNxWLioIOFCh;-LyUAQUhatH25JtajwKn;false;9;PrevisionsPage;barreRechSaisir;app.component>TutorielPage>PrevisionsPage;0;2;2;
-LyUB0ja5V5hjtU8wqlW;13-1-2020 14:55:28;;-LyUB0ja5V5hjtU8wqlW;;;app.component;initApp;;;;;
-LyUB37iuFRD7Avb-B4t;13-1-2020 14:55:37;;-LyUB0ja5V5hjtU8wqlW;;;TutorielPage;btnSuivant;;;;;
-LyUB4CH6-NRKL0RgozL;13-1-2020 14:55:42;;-LyUB0ja5V5hjtU8wqlW;;;TutorielPage;btnSuivant;;;;;
-LyUB8sm7sPfmr1sfw_B;13-1-2020 14:56:1;;-LyUB0ja5V5hjtU8wqlW;;;TutorielPage;btnFinirTuto;;;;;
-LyUBAWJMTLSO8VixHh8;13-1-2020 14:56:8;;-LyUB0ja5V5hjtU8wqlW;;;PrevisionsPage;btnGeoloc;;;;;
-LyUBKncbIztooHjrWYV;13-1-2020 14:56:50;-LyUB0kwjMbz-Qmyj940;-LyUB0ja5V5hjtU8wqlW;false;8.0.0;CreditsWeatherDataModal;lienFournisseurYW;app.component>TutorielPage>PrevisionsPage>CreditsWeatherDataModal;2;3;5;
-LyUBPqJ1vjqrXzwRCNU;13-1-2020 14:57:11;;-LyUBPqJ1vjqrXzwRCNU;;;app.component;initApp;;;;;
-LyUBZLcYy6YhKaRr8aj;13-1-2020 14:57:50;-LyUBPzZhBdX4i_GxsQO;-LyUBPqJ1vjqrXzwRCNU;false;8.0.0;PrevisionsPage;btnMenu;app.component>PrevisionsPage;0;1;1;
-LyUFyFy4LWSgcmLAgP5;13-1-2020 15:17:5;;-LyUFyFy4LWSgcmLAgP5;;;app.component;initApp;;;;;
-LyUFygQmbjzDuJebP6n;13-1-2020 15:17:6;;-LyUFyFy4LWSgcmLAgP5;;;TutorielPage;btnSuivant;;;;;
-LyUG-dM0nWTxrfmNNvw;13-1-2020 15:17:14;;-LyUFyFy4LWSgcmLAgP5;;;TutorielPage;btnSuivant;;;;;
-LyUG6cmxHcc8nkvyVQm;13-1-2020 15:17:43;;-LyUFyFy4LWSgcmLAgP5;;;TutorielPage;btnFinirTuto;;;;;
-LyUG8nTDE1EVeCecxVo;13-1-2020 15:17:52;;-LyUFyFy4LWSgcmLAgP5;;;PrevisionsPage;btnMenu;;;;;
-LyUGDh3uT0znLeQ_8JO;13-1-2020 15:18:12;;-LyUFyFy4LWSgcmLAgP5;;;SettingsPage;btnRetourPage;;;;;
-LyUGEnBjqVegI3DlXbP;13-1-2020 15:18:16;;-LyUFyFy4LWSgcmLAgP5;;;StationsFavoritesModal;btnFermer;;;;;
-LyUGLxHXgcmj-yTSG8W;13-1-2020 15:18:46;;-LyUFyFy4LWSgcmLAgP5;;;PrevisionsPage;barreRechSaisir;;;;;
-LyUGQda1Yg-nwqn82MG;13-1-2020 15:19:5;;-LyUFyFy4LWSgcmLAgP5;;;PrevisionsPage;barreRechSaisir;;;;;
-LyUGTFzVv21FDX0xUZM;13-1-2020 15:19:16;;-LyUFyFy4LWSgcmLAgP5;;;PrevisionsPage;barreRechSaisir;;;;;
-LyUGYwaT2m0nqdZF-8K;13-1-2020 15:19:39;-LyUFyHAzRO9GPPiLdhU;-LyUFyFy4LWSgcmLAgP5;false;9;PrevisionsPage;barreRechSaisir;app.component>TutorielPage>PrevisionsPage>SettingsPage>StationsFavoritesModal>PrevisionsPage;0;5;10;
-LyUKcC7r1SseMSiNOlu;13-1-2020 15:37:23;;-LyUKcC7r1SseMSiNOlu;;;app.component;initApp;;;;;
-LyUKhCsc_Fj1rZ8S4ba;13-1-2020 15:37:43;;-LyUKcC7r1SseMSiNOlu;;;TutorielPage;btnFinirTuto;;;;;
-LyUKknNvqzCls8kvnWY;13-1-2020 15:37:58;;-LyUKcC7r1SseMSiNOlu;;;PrevisionsPage;btnMenu;;;;;
-LyUKwMkr3fiUwmqVw1A;13-1-2020 15:38:45;;-LyUKcC7r1SseMSiNOlu;;;SettingsPage;btnRestaurer;;;;;
-LyUKxc9gKa_xZtiJqjb;13-1-2020 15:38:50;;-LyUKcC7r1SseMSiNOlu;;;RestaureAchetePage;btnRestaurer;;;;;
-LyUKy9r_qIMafzazXfh;13-1-2020 15:38:52;-LyUKcECRNAHZ-j5SidU;-LyUKcC7r1SseMSiNOlu;false;8.1.0;RestaureAchetePage;btnRestaurer;app.component>TutorielPage>PrevisionsPage>SettingsPage>RestaureAchetePage;0;4;5;
-LyUTRN97DNIMH03Gp-c;13-1-2020 16:16:0;;-LyUTRN97DNIMH03Gp-c;;;app.component;initApp;;;;;
-LyUTSsVb1HyTGLrupqm;13-1-2020 16:16:6;;-LyUTRN97DNIMH03Gp-c;;;TutorielPage;btnSuivant;;;;;
-LyUTTg1CESnHgLHspXN;13-1-2020 16:16:9;;-LyUTRN97DNIMH03Gp-c;;;TutorielPage;btnSuivant;;;;;
-LyUTZZLrrVV0FG0SRrp;13-1-2020 16:16:33;-LyUTRPKSGuMD-FqhHQM;-LyUTRN97DNIMH03Gp-c;false;9;TutorielPage;btnFinirTuto;app.component>TutorielPage;0;1;3;
-LyUmVsrZiGNMoJbu6rI;13-1-2020 13:13:36;-LyUmVtZ182CKQdcDMNd;-LyUmVsrZiGNMoJbu6rI;false;9;app.component;initApp;app.component;0;0;0;
-LyUmiD4G1UXiuxPI5gn;13-1-2020 13:13:36;;-LyUmiD4G1UXiuxPI5gn;;;app.component;initApp;;;;;
-LyUmjblzf9tYzoaLGF0;13-1-2020 14:00:36;-LyUmjPCs8_kpojhq7H5;-LyUmiD4G1UXiuxPI5gn;false;9;PrevisionsPage;btnGeoloc;app.component>PrevisionsPage;0;1;1;
-LyUmwhGGyzzz-ToXVcB;13-1-2020 14:15:35;;-LyUmwhGGyzzz-ToXVcB;;;app.component;initApp;;;;;
-LyUmyCnyiQB5cHiTnf-;13-1-2020 14:18:36;;-LyUmwhGGyzzz-ToXVcB;;;PrevisionsPage;btnMenu;;;;;
-LyUn0chNPF9GtBjFTaE;13-1-2020 15:15:50;;-LyUmwhGGyzzz-ToXVcB;;;StationsFavoritesModal;btnFermer;;;;;
-LyUn16wiqhUzuMnMlTY;13-1-2020 16:35:52;;-LyUmwhGGyzzz-ToXVcB;;;PrevisionsPage;barreRechSaisir;;;;;
-LyUn31-zTmXVP6CIC6B;13-1-2020 16:36:36;-LyUmy-u9x14hRX4Q_R1;-LyUmwhGGyzzz-ToXVcB;false;9;PrevisionsPage;btnMenu;app.component>PrevisionsPage>StationsFavoritesModal>PrevisionsPage;0;3;4;
-LyV-KKRPjYfJ8GQaH8z;13-1-2020 18:44:0;-LyV-KQwhK-J8-vEfFza;-LyV-KKRPjYfJ8GQaH8z;false;5.1.1;app.component;initApp;app.component;0;0;0;
